locus_id,locus_index,nnz_across_pgs,mean_abs_weight,z0,z1,z2,z3,primary_ancestry,anc_absw_sum,primary_trait,trait_absw_sum,n_ancestries,sharedness,shared_binary
:,1317056,3,0.74747145,-1.7045287,2.2910335,3.6218,-0.98887545,African,3.7844493985176086,type 2 diabetes mellitus,10.40178918838501,3,shared_3,shared_2plus
9:84308948,1307816,7,0.5422026,-0.83768505,1.0072016,0.39330685,-0.47511345,East Asian,1.7770760655403137,type 2 diabetes mellitus,6.421719670295715,6,shared_5plus,shared_2plus
11:2858546,101147,5,0.49998483,-0.6546511,1.6990603,0.12257457,-0.33389074,,1.0,type 2 diabetes mellitus,4.999848186969757,5,shared_5plus,shared_2plus
8:118184783,1194460,5,0.49536258,-0.66136193,1.6830112,0.12893274,-0.33283138,Hispanic/Latino,1.9915871620178223,type 2 diabetes mellitus,7.901366710662842,5,shared_5plus,shared_2plus
9:4290085,1297336,6,0.49322003,-0.060400072,0.5898492,-0.76053,-0.61636794,European,1.0,type 2 diabetes mellitus,4.93220067024231,6,shared_5plus,shared_2plus
10:12307894,13394,5,0.49157038,-0.52456,1.7255436,0.062470507,-0.15701927,Hispanic/Latino,1.9757895469665527,type 2 diabetes mellitus,7.683954834938049,6,shared_5plus,shared_2plus
1:151017991,489042,4,0.39956632,0.43378922,-0.60427636,-0.93550724,1.0871687,,1.9957314729690552,type 2 diabetes mellitus,3.9956632256507874,3,shared_3,shared_2plus
16:53800954,349089,4,0.3988997,-1.1002525,1.1102841,0.37710965,-0.23736988,East Asian,1.9946072697639465,type 2 diabetes mellitus,5.988997042179108,4,shared_4,shared_2plus
9:22134094,1287017,4,0.39463234,-0.66076624,1.5591666,0.17336403,-0.24129228,,1.9687803387641907,type 2 diabetes mellitus,6.915104031562805,5,shared_5plus,shared_2plus
11:92708710,132701,5,0.39252535,0.1839742,1.2280585,0.17928752,1.0902358,African,0.9995846748352051,type 2 diabetes mellitus,3.9252533614635468,5,shared_5plus,shared_2plus
10:94462882,66885,4,0.39245227,-1.2681372,0.7385833,0.5994188,-0.1040896,Hispanic/Latino,1.985992193222046,type 2 diabetes mellitus,5.919478893280029,5,shared_5plus,shared_2plus
20:42994812,602177,5,0.3904968,-0.45174637,1.3872697,0.049940433,-0.34238482,,1.740255057811737,type 2 diabetes mellitus,4.785371541976929,5,shared_5plus,shared_2plus
3:123065778,777716,4,0.38749966,-0.6523208,1.5407501,0.20493293,-0.2504158,Hispanic/Latino,1.8967711925506592,type 2 diabetes mellitus,6.65579354763031,5,shared_5plus,shared_2plus
22:32203334,644167,4,0.37914553,-0.7310015,1.4479445,0.15999086,-0.24081251,Hispanic/Latino,0.9964026808738708,type 2 diabetes mellitus,3.7914552092552185,4,shared_4,shared_2plus
3:12329783,777823,4,0.3734068,-0.12999716,0.28734142,-0.8159261,-0.685659,Hispanic/Latino,1.8006731867790222,type 2 diabetes mellitus,5.734067916870117,5,shared_5plus,shared_2plus
6:7231843,1098584,4,0.36533445,-1.1058682,1.053348,0.37974468,-0.16917415,Hispanic/Latino,0.9988434910774231,type 2 diabetes mellitus,3.653344511985779,4,shared_4,shared_2plus
9:28410683,1291082,5,0.3624188,0.20808566,0.51168394,0.13150741,1.2327344,,0.886468231678009,type 2 diabetes mellitus,3.624188005924225,5,shared_5plus,shared_2plus
12:4384844,173709,4,0.36106664,-1.0504644,0.89287335,0.6221174,-0.25811765,,1.9999954104423523,type 2 diabetes mellitus,3.6106661558151245,3,shared_3,shared_2plus
15:52587740,309396,4,0.35896072,-0.2945577,0.7091393,1.1621171,-0.6273525,African,0.9997884035110474,type 2 diabetes mellitus,3.589607298374176,4,shared_4,shared_2plus
13:91949562,246683,4,0.35579705,-1.0461915,0.9733749,0.2811336,-0.20838515,Hispanic/Latino,1.9961039423942566,type 2 diabetes mellitus,5.546398162841797,4,shared_4,shared_2plus
20:39832628,600008,4,0.35099995,-0.36395946,0.033602446,-0.6725222,-0.55094266,Hispanic/Latino,1.7387821078300476,type 2 diabetes mellitus,4.505180656909943,4,shared_4,shared_2plus
6:117996631,1033888,4,0.32185286,-0.18523066,0.4920451,1.29049,-0.7243035,,0.9753613471984863,type 2 diabetes mellitus,3.2185286581516266,4,shared_4,shared_2plus
2:27730940,728994,4,0.3169784,-0.42009422,0.862553,-0.3045036,-0.61605084,Hispanic/Latino,1.783340871334076,type 2 diabetes mellitus,5.446836560964584,5,shared_5plus,shared_2plus
3:77671721,850128,4,0.31405807,0.42773238,0.004387781,1.3182156,0.69241863,,1.4415289759635925,type 2 diabetes mellitus,3.7934243083000183,4,shared_4,shared_2plus
18:57829135,436294,4,0.30998427,-0.77437377,1.0732055,0.11380446,-0.34590596,,0.9899020791053772,type 2 diabetes mellitus,3.0998427867889404,4,shared_4,shared_2plus
18:60845884,438064,5,0.3080723,-0.055225495,-0.28187865,0.5552709,-0.8779964,,1.3667034208774567,type 2 diabetes mellitus,5.51446333527565,6,shared_5plus,shared_2plus
6:164133001,1060039,4,0.3074458,-1.1153057,0.16445228,1.2795526,-0.16094284,,1.749156653881073,type 2 diabetes mellitus,4.230747759342194,5,shared_5plus,shared_2plus
6:126792095,1038342,4,0.3071655,-0.47353157,1.3604501,0.31550866,0.018705517,,1.397098422050476,type 2 diabetes mellitus,3.8808271884918213,4,shared_4,shared_2plus
3:128579324,780892,3,0.3,-1.2278405,0.9107177,0.4497565,-0.12125175,,1.0,type 2 diabetes mellitus,2.9999999403953552,3,shared_3,shared_2plus
3:3649850,826695,3,0.3,-1.2278405,0.91071767,0.4497565,-0.12125175,,1.0,type 2 diabetes mellitus,3.0,3,shared_3,shared_2plus
15:39712286,303818,3,0.29999986,-1.2278401,0.9107174,0.44975674,-0.12125209,,1.8393414616584778,type 2 diabetes mellitus,3.8393401503562927,3,shared_3,shared_2plus
2:158449081,683473,3,0.29999977,-1.22784,0.91071635,0.44975495,-0.12125237,Hispanic/Latino,1.0,type 2 diabetes mellitus,2.9999976754188538,3,shared_3,shared_2plus
11:14518419,92817,3,0.29999924,-0.12605579,0.50820625,0.46962088,1.5606053,,1.0,type 2 diabetes mellitus,2.999992251396179,3,shared_3,shared_2plus
7:127058953,1125306,3,0.29999858,-1.2278349,0.910716,0.4497618,-0.121255845,,1.0,type 2 diabetes mellitus,2.999985694885254,3,shared_3,shared_2plus
10:114749734,8250,3,0.29999524,-1.2278216,0.91071236,0.44977486,-0.12126544,,1.0,type 2 diabetes mellitus,2.9999526143074036,3,shared_3,shared_2plus
1:27284913,545877,3,0.29997396,-1.2277358,0.91068816,0.44985712,-0.12132713,,1.0,type 2 diabetes mellitus,2.9997394680976868,3,shared_3,shared_2plus
10:114758349,8258,3,0.2999318,0.87744254,0.77576995,-0.32411486,0.117843404,East Asian,1.0,type 2 diabetes mellitus,4.99931788444519,5,shared_5plus,shared_2plus
4:85297954,934240,3,0.29991534,-1.2275043,0.9106061,0.45004869,-0.121492505,,0.9999951124191284,type 2 diabetes mellitus,2.9991533160209656,3,shared_3,shared_2plus
12:38710523,170835,3,0.29966217,-1.226508,0.9102352,0.45082664,-0.1221707,,0.9999355673789978,type 2 diabetes mellitus,2.996621549129486,3,shared_3,shared_2plus
6:35259397,1079880,3,0.2994472,-1.2262117,0.90791726,0.44678622,-0.121626094,,1.963230013847351,type 2 diabetes mellitus,3.9590428471565247,3,shared_3,shared_2plus
1:147121000,488206,3,0.2992419,-1.2248676,0.90956914,0.45198905,-0.12324157,,0.9997779726982117,type 2 diabetes mellitus,2.9924190640449524,3,shared_3,shared_2plus
5:14751305,965504,3,0.29890624,0.2387861,-0.478635,-0.6807173,0.8419347,,1.0,type 2 diabetes mellitus,2.9890624284744263,3,shared_3,shared_2plus
3:54828827,835967,3,0.2988828,0.24465099,-0.48464543,-0.6814669,0.83662194,,1.7065511345863342,type 2 diabetes mellitus,3.6953800320625305,3,shared_3,shared_2plus
1:51209148,557851,3,0.29868284,-1.2233357,0.90633,0.44808733,-0.12353425,,0.9983214735984802,type 2 diabetes mellitus,2.9868283867836,3,shared_3,shared_2plus
11:72460762,121527,3,0.29838425,-1.2233284,0.90216964,0.4419777,-0.12602489,,0.9999974966049194,type 2 diabetes mellitus,2.9838425517082214,3,shared_3,shared_2plus
9:139248082,1280618,3,0.2983109,-1.2223662,0.90425056,0.4466605,-0.12623088,,0.9999765753746033,type 2 diabetes mellitus,2.983108937740326,3,shared_3,shared_2plus
5:102586407,942011,3,0.29805437,-0.12169363,0.49702254,0.45530146,1.553873,,1.0,type 2 diabetes mellitus,2.9805434346199036,3,shared_3,shared_2plus
10:101912194,1110,3,0.29773748,0.12192627,-0.39326718,0.29761732,-0.9670977,Hispanic/Latino,1.9525356888771057,type 2 diabetes mellitus,4.948187589645386,4,shared_4,shared_2plus
12:57968738,181213,3,0.29750317,-1.2181524,0.9065219,0.4560033,-0.12723401,Hispanic/Latino,1.1974322646856308,type 2 diabetes mellitus,3.5619145780801773,4,shared_4,shared_2plus
6:20688121,1067068,3,0.297427,-1.2199308,0.89964086,0.44278312,-0.12877008,,0.9999997615814209,type 2 diabetes mellitus,2.974269926548004,3,shared_3,shared_2plus
3:185534482,809414,3,0.29735327,-1.2172043,0.9074501,0.45952588,-0.12888229,Hispanic/Latino,1.9739323258399963,type 2 diabetes mellitus,4.971359550952911,4,shared_4,shared_2plus
12:31441179,168569,3,0.2969586,-0.61254126,0.8962624,0.8138864,-0.45059723,,0.9988017082214355,type 2 diabetes mellitus,3.1452425867319107,4,shared_4,shared_2plus
10:73835274,55208,3,0.2954289,-1.2099104,0.9025572,0.4601767,-0.13109417,,0.9967076778411865,type 2 diabetes mellitus,2.9542888402938843,3,shared_3,shared_2plus
1:149891028,488592,3,0.295425,0.23393555,-0.46359938,-0.6635231,0.85175675,,1.0,type 2 diabetes mellitus,2.9542500376701355,3,shared_3,shared_2plus
2:100598726,655744,3,0.29541373,-0.20783606,0.47189373,1.4703795,-0.6922435,,1.9054885506629944,type 2 diabetes mellitus,3.8596256971359253,3,shared_3,shared_2plus
3:141101839,787495,3,0.29539368,0.62078327,0.28104573,1.4357674,0.92575055,,1.0,type 2 diabetes mellitus,2.953936755657196,3,shared_3,shared_2plus
17:62203059,399299,3,0.29527315,-0.10993819,0.4957767,0.46728045,1.5478559,,1.0,type 2 diabetes mellitus,2.952731668949127,3,shared_3,shared_2plus
2:219859171,713993,3,0.29495054,-1.2115138,0.8895328,0.42857102,-0.11503285,Hispanic/Latino,0.9999690651893616,type 2 diabetes mellitus,2.9495056867599487,3,shared_3,shared_2plus
11:69463273,120074,3,0.29471284,-0.22862014,0.4979711,1.470885,-0.6762699,,0.9999999403953552,type 2 diabetes mellitus,2.9471282362937927,3,shared_3,shared_2plus
4:103188709,859870,3,0.2941301,-0.54009855,-0.1162196,-0.70425916,-0.42209148,Hispanic/Latino,1.9935967922210693,type 2 diabetes mellitus,3.9408039450645447,3,shared_3,shared_2plus
9:81907986,1306137,3,0.29215,-1.2011144,0.88566947,0.446494,-0.142185,,0.998121976852417,type 2 diabetes mellitus,2.921500086784363,3,shared_3,shared_2plus
14:94039845,290044,3,0.29118308,0.5996738,0.29200283,1.4331253,0.91412896,African,0.9879627823829651,type 2 diabetes mellitus,2.911831021308899,3,shared_3,shared_2plus
5:55807370,1002734,3,0.29044566,-1.1904881,0.89017105,0.45837635,-0.12648311,African,0.9823523163795471,type 2 diabetes mellitus,2.904456675052643,3,shared_3,shared_2plus
12:88338461,195970,3,0.29018098,-1.1890075,0.8917815,0.46855998,-0.13876274,,0.9899020791053772,type 2 diabetes mellitus,2.901809573173523,3,shared_3,shared_2plus
7:102976385,1113664,3,0.2895542,-0.4928144,-0.14773223,-0.6914518,-0.44752407,,1.7396917343139648,type 2 diabetes mellitus,3.649353325366974,3,shared_3,shared_2plus
9:19074538,1285007,4,0.289248,0.67644763,-0.7075009,0.25586683,0.35378265,African,0.8947671055793762,type 2 diabetes mellitus,2.892480105161667,4,shared_4,shared_2plus
8:4186731,1229519,3,0.2885465,-1.1825734,0.8882568,0.47072035,-0.14072454,,1.5552829504013062,type 2 diabetes mellitus,3.4533756971359253,3,shared_3,shared_2plus
4:185716100,899773,3,0.28813893,0.26807287,-0.4780249,-0.6340309,0.8319259,,0.9999999403953552,type 2 diabetes mellitus,2.881389319896698,3,shared_3,shared_2plus
4:1240299,869860,3,0.28708845,-1.1883755,0.85515803,0.41658324,-0.15719081,,0.9993894100189209,type 2 diabetes mellitus,2.870884358882904,3,shared_3,shared_2plus
15:83461873,324669,3,0.28549296,0.088180415,-0.36361378,0.29721546,-0.95250463,,0.9999765753746033,type 2 diabetes mellitus,2.854929566383362,3,shared_3,shared_2plus
10:63717113,48639,3,0.28470424,-0.47458383,-0.1530877,-0.7239635,-0.37088752,African,0.9949251413345337,type 2 diabetes mellitus,2.8470423221588135,3,shared_3,shared_2plus
13:97176585,249585,3,0.28302652,-1.1793169,0.8213436,0.3662875,-0.15239625,,0.9842139482498169,type 2 diabetes mellitus,2.8302648663520813,3,shared_3,shared_2plus
3:23457080,818878,3,0.2827453,-0.53314966,0.8127778,-0.39502853,-0.5370153,,0.9997779726982117,type 2 diabetes mellitus,3.2751206159591675,4,shared_4,shared_2plus
7:44223721,1160762,3,0.28272447,-0.0970045,0.43247274,0.3772856,1.4925799,Hispanic/Latino,1.9242903590202332,type 2 diabetes mellitus,4.2537455558776855,4,shared_4,shared_2plus
5:122650885,952730,3,0.2826053,-1.1618855,0.8711588,0.47868806,-0.16869007,,0.9986592531204224,type 2 diabetes mellitus,2.826052963733673,3,shared_3,shared_2plus
8:128711742,1200498,3,0.28251916,-1.1523519,0.8897679,0.5069667,-0.13687122,African,1.0,type 2 diabetes mellitus,2.8251916766166687,3,shared_3,shared_2plus
6:51413013,1089395,3,0.27943552,-0.058953967,0.45246288,0.4534784,1.502848,,1.0,type 2 diabetes mellitus,2.7943551540374756,3,shared_3,shared_2plus
19:19379549,455017,3,0.27650014,-0.44112208,-0.17315581,-0.7466328,-0.29082924,,1.542801558971405,type 2 diabetes mellitus,3.5413236021995544,3,shared_3,shared_2plus
10:77244336,56564,3,0.27509606,-0.17974521,-0.081342265,1.7296536,0.2876026,African,0.9944132566452026,type 2 diabetes mellitus,3.125293731689453,4,shared_4,shared_2plus
12:43046449,173178,3,0.27281928,-0.2603399,0.5444393,0.46581435,1.3397315,Hispanic/Latino,0.9958549737930298,type 2 diabetes mellitus,2.728192985057831,3,shared_3,shared_2plus
12:66216162,185241,3,0.2717633,-1.1002347,0.8695657,0.4561394,0.034443244,African,0.9997884035110474,type 2 diabetes mellitus,2.717633008956909,3,shared_3,shared_2plus
8:41508577,1229236,3,0.2708053,-1.101976,0.8751263,0.56900024,-0.19927998,,1.9066062569618225,type 2 diabetes mellitus,3.6148176789283752,3,shared_3,shared_2plus
2:165508389,686996,3,0.27077228,-0.2960108,1.1369079,0.5440221,-0.55294657,,0.9958794116973877,type 2 diabetes mellitus,3.0167735815048218,4,shared_4,shared_2plus
3:70520917,846231,3,0.26944748,-0.65198594,0.0051152185,-0.5777296,-0.4122998,,0.998121976852417,type 2 diabetes mellitus,2.694474756717682,3,shared_3,shared_2plus
10:64970928,49410,3,0.2689506,-1.0892255,0.86741,0.4867459,-0.013993204,African,0.9985471963882446,type 2 diabetes mellitus,2.6895060539245605,3,shared_3,shared_2plus
5:36084426,994158,3,0.26887804,0.54616123,0.3384103,1.3033875,1.0076394,,1.7938395142555237,type 2 diabetes mellitus,3.4826318621635437,3,shared_3,shared_2plus
7:69649683,1170788,3,0.26858494,-1.1123687,0.82890743,0.47575086,-0.19579726,East Asian,0.9999024868011475,type 2 diabetes mellitus,3.7882912382483482,4,shared_4,shared_2plus
10:121660400,12334,3,0.26760522,-0.16925949,0.49007982,0.45125622,1.3734677,African,0.9271993041038513,type 2 diabetes mellitus,2.676052212715149,3,shared_3,shared_2plus
7:15064190,1137800,3,0.26694903,-1.0829095,0.8682933,0.5363984,-0.10575633,African,0.9978647828102112,type 2 diabetes mellitus,2.669490396976471,3,shared_3,shared_2plus
11:55588216,113120,3,0.2658371,-0.43450353,-0.16619119,-0.6192536,-0.46219593,,1.6849974393844604,type 2 diabetes mellitus,3.4097033739089966,3,shared_3,shared_2plus
7:15926228,1142930,3,0.26516172,0.7598205,-0.6304452,0.2158257,0.23551364,Hispanic/Latino,1.7708914875984192,type 2 diabetes mellitus,4.432319283485413,4,shared_4,shared_2plus
3:9514016,856038,3,0.26515952,0.11088954,-0.36735523,0.2714213,-0.876758,African,0.9039695858955383,type 2 diabetes mellitus,2.6515949964523315,3,shared_3,shared_2plus
3:124921457,778969,4,0.26494735,0.23844615,-0.178891,0.37662533,-0.840077,Hispanic/Latino,1.9635870456695557,type 2 diabetes mellitus,4.644975006580353,5,shared_5plus,shared_2plus
2:26192802,728256,3,0.26400274,0.012058501,0.48143935,0.6070306,1.4672095,,1.5361304879188538,type 2 diabetes mellitus,3.1761579513549805,3,shared_3,shared_2plus
3:47693664,832635,3,0.2632888,-1.095932,0.79205096,0.37404436,-0.0753624,Hispanic/Latino,0.9264844655990601,type 2 diabetes mellitus,2.6328879594802856,3,shared_3,shared_2plus
1:62579891,564503,3,0.26291615,-0.024923336,0.32727665,0.2585212,1.430839,,1.7581000328063965,type 2 diabetes mellitus,3.387261748313904,3,shared_3,shared_2plus
4:720681,927191,3,0.26194048,-0.21094804,0.36472467,1.2488282,-0.7374096,,0.9989290833473206,type 2 diabetes mellitus,2.6194048523902893,3,shared_3,shared_2plus
16:75246035,361384,3,0.2614252,-1.0444717,0.8534717,0.43533856,0.14950399,African,0.9997884035110474,type 2 diabetes mellitus,2.6142517924308777,3,shared_3,shared_2plus
3:63948566,842151,3,0.26123348,-1.1136651,0.71333355,0.25837356,-0.19046189,Hispanic/Latino,1.9101606011390686,type 2 diabetes mellitus,4.545019507408142,4,shared_4,shared_2plus
22:30451688,643380,3,0.25924683,-0.16004787,0.2902882,1.2348982,-0.76888025,,0.9887074828147888,type 2 diabetes mellitus,2.5924683809280396,3,shared_3,shared_2plus
6:41864441,1084254,3,0.25866848,-0.018841874,0.2879569,0.18363601,1.4056636,,1.0,type 2 diabetes mellitus,2.5866845846176147,3,shared_3,shared_2plus
10:89722731,64158,3,0.25747794,-0.103642665,0.4497129,1.4374188,-0.41506225,African,0.9715844392776489,type 2 diabetes mellitus,2.574779510498047,3,shared_3,shared_2plus
4:153520475,882778,3,0.2561808,-0.3792956,0.32280654,0.32129073,-0.6691486,Hispanic/Latino,1.106097623705864,type 2 diabetes mellitus,4.904241144657135,6,shared_5plus,shared_2plus
12:27963676,166270,3,0.25603396,-0.35628822,0.5590094,1.270147,-0.5778177,,0.9656489491462708,type 2 diabetes mellitus,2.560339331626892,3,shared_3,shared_2plus
2:161333872,685139,3,0.2552566,0.21012783,-0.4156582,-0.5823964,0.7306599,,1.3055546283721924,type 2 diabetes mellitus,3.013646900653839,3,shared_3,shared_2plus
6:32138545,1076797,3,0.25506967,-1.0736771,0.7653659,0.4166053,-0.20794111,,0.9571741223335266,type 2 diabetes mellitus,2.5506967902183533,3,shared_3,shared_2plus
6:111738793,1030707,3,0.25180668,-0.50314313,-0.08933761,-0.5124301,-0.49574876,,0.9873723983764648,type 2 diabetes mellitus,2.518066942691803,3,shared_3,shared_2plus
3:71648868,846830,3,0.25130075,0.7815744,-0.5582012,0.28795034,0.47701818,,1.0,type 2 diabetes mellitus,2.513007640838623,3,shared_3,shared_2plus
7:117495667,1120990,3,0.2506883,0.39580682,-0.6477822,0.2697205,-0.3274457,Hispanic/Latino,0.9546230435371399,type 2 diabetes mellitus,2.973602920770645,4,shared_4,shared_2plus
8:12643055,1198965,3,0.24946812,0.7034617,-0.61073214,0.2025404,0.13295643,African,0.9499004483222961,type 2 diabetes mellitus,2.626724675297737,3,shared_3,shared_2plus
6:33552707,1078842,3,0.24854667,-0.13692653,0.46394694,1.385703,-0.3994137,African,0.9622398614883423,type 2 diabetes mellitus,2.4854668378829956,3,shared_3,shared_2plus
11:43878459,109198,3,0.2476865,0.7528749,-0.55757594,0.34190255,0.29776478,Hispanic/Latino,0.9441521763801575,type 2 diabetes mellitus,2.476864993572235,3,shared_3,shared_2plus
7:77828991,1174046,3,0.24728827,0.70399,-0.59236413,0.25274706,0.13086945,Hispanic/Latino,0.9546230435371399,type 2 diabetes mellitus,2.4728826880455017,3,shared_3,shared_2plus
3:186665645,810158,4,0.24688625,0.25214496,-0.22124606,0.25012887,-0.7446952,Hispanic/Latino,1.8176600337028503,type 2 diabetes mellitus,4.461775243282318,5,shared_5plus,shared_2plus
8:14148990,1209323,3,0.2459434,-0.10603732,0.5133492,0.5996606,1.3017985,African,0.9786416888237,type 2 diabetes mellitus,2.459433853626251,3,shared_3,shared_2plus
15:63871292,315987,4,0.24485421,-0.04333317,-0.24552712,0.046747353,1.1631819,Hispanic/Latino,1.339347243309021,type 2 diabetes mellitus,4.002153262495995,5,shared_5plus,shared_2plus
19:4967739,467934,3,0.24478307,-0.33498135,-0.20791245,-0.54395616,-0.5003625,African,0.9971501231193542,type 2 diabetes mellitus,2.4478306770324707,3,shared_3,shared_2plus
5:53272664,1001158,3,0.24327874,-1.0378559,0.6926797,0.2562281,-0.08315651,Hispanic/Latino,1.7104083895683289,type 2 diabetes mellitus,4.1990437507629395,4,shared_4,shared_2plus
12:132544643,157098,3,0.24292174,-0.58947635,-0.0018184148,-0.45379925,-0.47291303,Hispanic/Latino,1.7735219597816467,type 2 diabetes mellitus,4.749049365520477,4,shared_4,shared_2plus
13:54107583,230421,3,0.24124953,0.5295106,0.7218041,1.0580467,0.02606842,Hispanic/Latino,0.8895949125289917,type 2 diabetes mellitus,2.4686437360942364,4,shared_4,shared_2plus
9:96915002,1315457,3,0.2409161,-0.13424261,0.37794086,0.31191358,1.2650074,Hispanic/Latino,0.8967711925506592,type 2 diabetes mellitus,2.40916109085083,3,shared_3,shared_2plus
8:129568078,1201132,3,0.24082462,-0.1431651,0.39743012,0.09154633,-0.5535203,East Asian,1.5992425680160522,type 2 diabetes mellitus,5.467144548892975,5,shared_5plus,shared_2plus
12:26463174,165254,3,0.24068394,0.51563025,0.24304008,1.2053751,0.82194626,,0.8598514199256897,type 2 diabetes mellitus,2.4068394899368286,3,shared_3,shared_2plus
1:229672955,532641,3,0.23757139,-0.9319114,0.28524467,1.1638578,-0.09497218,Hispanic/Latino,1.5394710302352905,type 2 diabetes mellitus,3.9151849150657654,4,shared_4,shared_2plus
3:160153305,797296,3,0.23277995,-0.30340144,0.39394173,1.0727482,-0.70176375,Hispanic/Latino,1.0119885802268982,type 2 diabetes mellitus,2.686513900756836,3,shared_3,shared_2plus
4:157652753,885173,3,0.23216689,-0.115029335,-0.44518554,-0.55858546,0.22261785,African,0.8619299530982971,type 2 diabetes mellitus,2.646685004234314,4,shared_4,shared_2plus
12:133070294,157286,3,0.23066604,-0.97335035,0.7025027,0.36754906,-0.088996306,Hispanic/Latino,0.773702085018158,type 2 diabetes mellitus,2.3066604137420654,3,shared_3,shared_2plus
7:148429806,1136664,3,0.22570172,0.46672153,0.16897824,1.2467033,0.5633073,Hispanic/Latino,0.9098200798034668,type 2 diabetes mellitus,2.257017195224762,3,shared_3,shared_2plus
6:40409243,1083234,3,0.2243965,-0.61987776,0.078395605,1.2883276,0.64107895,African,0.9997174739837646,type 2 diabetes mellitus,2.588710270822048,5,shared_5plus,shared_2plus
1:117532790,484998,4,0.2237384,-0.06132027,-0.12834638,-0.5450948,0.17665623,Hispanic/Latino,1.6920856833457947,type 2 diabetes mellitus,5.474046230316162,5,shared_5plus,shared_2plus
1:120499573,486592,3,0.22357288,-0.8940143,0.76182157,0.51076186,0.051609024,African,0.9201295375823975,type 2 diabetes mellitus,2.2357288599014282,3,shared_3,shared_2plus
8:19830921,1216323,3,0.22099511,0.12574019,-0.075744726,-0.091192015,1.1293898,Hispanic/Latino,1.787480652332306,type 2 diabetes mellitus,3.5197528079152107,4,shared_4,shared_2plus
15:99276521,333670,3,0.2203938,-0.5671951,0.013733266,-0.49058023,-0.30149478,Hispanic/Latino,0.8819507360458374,type 2 diabetes mellitus,2.203938126564026,3,shared_3,shared_2plus
12:133730500,157580,3,0.22015078,0.63760483,-0.57579625,0.07967201,0.2296881,African,0.912404477596283,type 2 diabetes mellitus,2.201507866382599,3,shared_3,shared_2plus
15:57369850,311898,3,0.21998183,-0.8959845,0.7230472,0.44289953,0.034009986,,1.1865806579589844,type 2 diabetes mellitus,2.762906551361084,3,shared_3,shared_2plus
12:57146069,180830,3,0.21838848,-0.30139405,0.43577635,1.0745889,-0.55581623,Hispanic/Latino,1.5642123222351074,type 2 diabetes mellitus,4.825940549373627,4,shared_4,shared_2plus
2:172796774,691062,3,0.2144249,0.11174955,-0.30989414,-0.5109609,0.63257056,Hispanic/Latino,0.8130574822425842,type 2 diabetes mellitus,2.1442490220069885,3,shared_3,shared_2plus
6:29816421,1073558,3,0.21297558,0.11735561,-0.37697384,0.13101056,-0.6809883,Hispanic/Latino,1.3144755959510803,type 2 diabetes mellitus,3.9700704216957092,4,shared_4,shared_2plus
4:83584496,933316,3,0.21179461,0.6337812,-0.54398555,0.11638977,0.27376986,Hispanic/Latino,1.4478740096092224,type 2 diabetes mellitus,3.841146171092987,4,shared_4,shared_2plus
7:150537635,1137710,3,0.20492652,-0.2147467,-0.5223261,0.9367056,0.13925616,South Asian,0.7685239911079407,type 2 diabetes mellitus,2.3866898231208324,5,shared_5plus,shared_2plus
16:300388,344216,3,0.20336318,-0.10284043,0.3857885,0.42984143,1.0936065,African,0.7237045764923096,type 2 diabetes mellitus,2.033631682395935,3,shared_3,shared_2plus
15:62391608,315060,3,0.20285912,-0.1432297,-0.031772383,-0.20560451,-0.7646834,,0.9842139482498169,type 2 diabetes mellitus,2.5424745082855225,4,shared_4,shared_2plus
15:38828140,303183,3,0.20066538,-0.05545092,0.04249247,0.76850903,-0.8221548,Hispanic/Latino,1.6055667400360107,type 2 diabetes mellitus,4.229093953967094,4,shared_4,shared_2plus
10:81915136,59535,2,0.19999632,0.21741584,0.29979092,0.13261008,0.20303203,East Asian,1.0,type 2 diabetes mellitus,2.8625858426094055,3,shared_3,shared_2plus
8:105662373,1188527,2,0.19949251,-0.7258339,0.74564976,0.9360919,-0.40816444,,1.0,type 2 diabetes mellitus,2.3039759397506714,3,shared_3,shared_2plus
2:43611883,738889,2,0.19938499,-0.72560436,0.74499184,0.93530625,-0.4085709,,1.0,type 2 diabetes mellitus,2.507733106613159,3,shared_3,shared_2plus
12:95928113,199921,2,0.19921616,-0.89960873,0.3780727,-0.14861178,-0.34444594,Hispanic/Latino,1.9920657277107239,type 2 diabetes mellitus,3.317081779241562,3,shared_3,shared_2plus
11:2197286,97493,2,0.19888851,-0.7245484,0.7419949,0.9318987,-0.41015917,,0.9998226761817932,type 2 diabetes mellitus,2.420185923576355,3,shared_3,shared_2plus
14:91963722,288962,3,0.19862255,0.32808006,-0.5672454,0.10189991,-0.24736665,African,0.8490183353424072,type 2 diabetes mellitus,2.0423740558326244,4,shared_4,shared_2plus
17:21284910,381131,2,0.19858806,-0.7197458,0.7469446,0.9393892,-0.394767,,1.74457585811615,type 2 diabetes mellitus,3.0211753845214844,3,shared_3,shared_2plus
17:61565025,398988,3,0.19848605,0.480637,0.1640667,0.9834093,0.7500724,,0.8090081214904785,type 2 diabetes mellitus,1.9848604202270508,3,shared_3,shared_2plus
6:130265266,1039969,2,0.19841209,-0.89700043,0.37673306,-0.14496945,-0.34763902,,1.692650318145752,type 2 diabetes mellitus,2.8671322613954544,3,shared_3,shared_2plus
7:30728452,1152641,4,0.19832286,-0.011945541,-0.1500383,-0.6749844,0.047034442,African,0.8198205828666687,type 2 diabetes mellitus,2.4499481916427612,5,shared_5plus,shared_2plus
16:81534790,366939,3,0.19827731,0.66071516,0.7105325,-0.18947417,0.114709824,East Asian,1.118266075849533,type 2 diabetes mellitus,4.567370682954788,5,shared_5plus,shared_2plus
7:28194397,1150909,2,0.19800334,-0.70048076,0.72096467,0.43647218,0.6657632,Hispanic/Latino,0.9909709095954895,type 2 diabetes mellitus,2.489549219608307,3,shared_3,shared_2plus
18:53050646,433197,2,0.1978819,-0.8952617,0.37585014,-0.14266452,-0.34959418,,0.9998583793640137,type 2 diabetes mellitus,2.215154990553856,3,shared_3,shared_2plus
9:34074476,1294258,3,0.1977389,-0.18288577,-0.5564621,0.5736269,0.85151905,,1.3112449645996094,type 2 diabetes mellitus,3.3839522898197174,5,shared_5plus,shared_2plus
12:45868623,174616,2,0.19765066,0.27817485,0.42833668,0.931376,1.2609377,,1.0,type 2 diabetes mellitus,2.0473865792155266,3,shared_3,shared_2plus
6:127412728,1038525,2,0.19697961,-0.89204127,0.37435275,-0.14008616,-0.35083133,Hispanic/Latino,1.9526013135910034,type 2 diabetes mellitus,4.092484027147293,4,shared_4,shared_2plus
13:26776999,215917,2,0.196632,-0.71177036,0.7413231,0.9344767,-0.3861364,,1.4233399629592896,type 2 diabetes mellitus,2.8191580176353455,3,shared_3,shared_2plus
9:23358495,1287794,3,0.19630209,0.14018585,-0.3110094,-0.4532479,0.58522755,Hispanic/Latino,0.6921068429946899,type 2 diabetes mellitus,1.963020920753479,3,shared_3,shared_2plus
11:48489360,111750,2,0.1958859,-0.7130675,0.73201376,0.92234135,-0.40060133,,0.9823523163795471,type 2 diabetes mellitus,2.2996569871902466,3,shared_3,shared_2plus
2:653874,751878,2,0.19575548,-0.11042956,0.6409382,0.012737419,-0.7463371,,0.9973697066307068,type 2 diabetes mellitus,2.1673882752656937,3,shared_3,shared_2plus
17:6953558,403306,2,0.19543609,-0.7177836,0.7203519,0.90753585,-0.42260134,,0.9999632835388184,type 2 diabetes mellitus,2.2951589822769165,3,shared_3,shared_2plus
14:69459229,277648,2,0.19520262,-0.7032065,0.74195564,0.938164,-0.3672375,East Asian,0.9999967813491821,type 2 diabetes mellitus,3.26739464700222,4,shared_4,shared_2plus
3:150066540,792336,2,0.19499004,-0.19155894,-0.25163922,-0.22281231,-0.72515196,,1.0,type 2 diabetes mellitus,2.489430010318756,3,shared_3,shared_2plus
12:121432117,149736,2,0.19499004,-0.19155894,-0.25163922,-0.22281231,-0.72515196,,1.0,type 2 diabetes mellitus,2.3216870725154877,3,shared_3,shared_2plus
7:40816653,1158757,2,0.19288734,0.14251685,0.01120346,-0.14838868,1.1727298,,0.9887074828147888,type 2 diabetes mellitus,2.1652091592550278,3,shared_3,shared_2plus
2:158390468,683442,2,0.19262095,0.13137954,0.3477515,0.178821,-0.013023011,European,0.999997079372406,type 2 diabetes mellitus,3.502389669418335,4,shared_4,shared_2plus
1:72751552,570001,2,0.19199474,0.73742574,-0.25569773,0.76367474,0.5979436,,0.9986592531204224,type 2 diabetes mellitus,2.367614597082138,3,shared_3,shared_2plus
14:30086481,258884,3,0.19184974,0.045984905,-0.24134842,-0.46999487,0.5834598,Hispanic/Latino,1.3264559507369995,type 2 diabetes mellitus,3.3235541582107544,4,shared_4,shared_2plus
6:34236973,1079400,2,0.19179384,-0.86762875,0.36586565,-0.15562385,-0.31074736,Hispanic/Latino,0.9774301648139954,type 2 diabetes mellitus,2.013997219502926,3,shared_3,shared_2plus
5:76435004,1013439,3,0.19179001,-0.74943954,0.3076377,0.3070171,0.6312681,Hispanic/Latino,0.9757895469665527,type 2 diabetes mellitus,2.0849426686763763,4,shared_4,shared_2plus
15:41801512,304761,2,0.19107004,0.56380796,-0.5617689,-0.2518164,0.59274006,African,0.9584996700286865,type 2 diabetes mellitus,2.016797937452793,3,shared_3,shared_2plus
7:13886654,1131703,3,0.19073851,-0.10067008,-0.17937931,-0.217868,-0.60935265,East Asian,1.2789759635925293,type 2 diabetes mellitus,3.62188583612442,4,shared_4,shared_2plus
8:103876325,1187574,2,0.19029911,-0.13274236,-0.31301904,-0.7247206,0.13370766,Hispanic/Latino,1.7754905223846436,type 2 diabetes mellitus,2.808145474642515,3,shared_3,shared_2plus
11:32956492,103308,2,0.18967712,-0.8697563,0.36204648,-0.10450001,-0.38223106,,1.0,type 2 diabetes mellitus,2.4522793889045715,3,shared_3,shared_2plus
20:50155386,606739,3,0.18949667,-0.14857185,-0.29191896,-0.22500914,-0.64468783,Hispanic/Latino,1.357317715883255,type 2 diabetes mellitus,4.2513269782066345,4,shared_4,shared_2plus
7:140522073,1132600,2,0.18903185,-0.86687714,0.36097628,-0.105896346,-0.3780049,,0.9935473203659058,type 2 diabetes mellitus,2.337985783815384,3,shared_3,shared_2plus
9:116943357,1267369,2,0.18883884,0.11422192,0.018152155,-0.15669598,1.1361011,Hispanic/Latino,0.9478800892829895,type 2 diabetes mellitus,2.1247242242097855,3,shared_3,shared_2plus
1:112289983,482072,2,0.18827903,0.45582208,-0.5274429,0.32106942,-0.3574401,Hispanic/Latino,1.4718247950077057,type 2 diabetes mellitus,3.7403722405433655,4,shared_4,shared_2plus
15:77782335,322018,2,0.18802759,-0.6722999,0.7224563,0.9254458,-0.32778662,African,0.9823523163795471,type 2 diabetes mellitus,2.0559325367212296,3,shared_3,shared_2plus
22:38599767,648123,2,0.18738309,0.71167654,-0.25568467,0.7753105,0.5322082,Hispanic/Latino,0.9401658177375793,type 2 diabetes mellitus,1.873830795288086,2,shared_2,shared_2plus
14:101258584,251736,2,0.18720846,0.22380629,0.44212586,0.9372733,1.1732804,,1.7824365496635437,type 2 diabetes mellitus,2.7565975189208984,2,shared_2,shared_2plus
3:170724883,802215,3,0.1868714,0.4536158,-0.38982013,0.019155469,-0.32138795,Hispanic/Latino,1.594241976737976,type 2 diabetes mellitus,4.079417049884796,5,shared_5plus,shared_2plus
11:13340710,91199,2,0.18666787,0.2251123,0.43920678,0.93326503,1.1716458,African,0.9687550663948059,type 2 diabetes mellitus,2.297979474067688,3,shared_3,shared_2plus
8:74568099,1244860,2,0.18580684,-0.67705566,0.649628,0.34147474,0.6207683,Hispanic/Latino,0.9961385130882263,type 2 diabetes mellitus,2.1830843687057495,3,shared_3,shared_2plus
11:35433712,104880,2,0.1855056,-0.855378,0.35508117,-0.09223646,-0.3876865,,0.9899020791053772,type 2 diabetes mellitus,1.9511145874857903,3,shared_3,shared_2plus
7:104516274,1114748,2,0.18490183,0.31152797,0.3556622,0.83095515,1.22491,,1.0,type 2 diabetes mellitus,1.8845030181109905,3,shared_3,shared_2plus
15:40634717,304308,2,0.1846283,-0.68771875,0.6666375,0.84973574,-0.4291942,,0.972470223903656,type 2 diabetes mellitus,2.4104952812194824,3,shared_3,shared_2plus
17:36099840,386896,2,0.18459639,-0.8536138,0.35311794,-0.08279088,-0.4005229,Hispanic/Latino,1.8461145162582397,type 2 diabetes mellitus,5.0068612694740295,4,shared_4,shared_2plus
1:39855177,552138,2,0.1843863,-0.64685386,0.7217779,0.94217825,-0.27530414,African,0.9993894100189209,type 2 diabetes mellitus,2.184661030769348,3,shared_3,shared_2plus
2:55157914,746352,2,0.18425676,0.15906152,0.36473417,1.4074072,0.16372274,African,0.9687550663948059,type 2 diabetes mellitus,2.0636848360300064,3,shared_3,shared_2plus
5:133864599,958184,3,0.18225737,0.55413586,0.55030936,-0.120324284,0.10773137,East Asian,1.2431577891111374,type 2 diabetes mellitus,4.090319857001305,5,shared_5plus,shared_2plus
8:135775546,1205468,2,0.18118191,0.6999867,-0.24471128,0.7348319,0.57016283,,0.9466652274131775,type 2 diabetes mellitus,2.220145583152771,3,shared_3,shared_2plus
3:168226052,800907,2,0.17875317,-0.14654261,0.031225294,0.727833,-0.86342585,,0.9999671578407288,type 2 diabetes mellitus,2.2351990342140198,3,shared_3,shared_2plus
14:79942647,283135,2,0.1785631,-0.6845147,0.6149027,0.78889716,-0.4826563,Hispanic/Latino,1.1707532554864883,type 2 diabetes mellitus,2.956384316086769,3,shared_3,shared_2plus
14:61229411,273657,2,0.1783146,-0.11918528,-0.30124226,-0.6822082,0.12315148,African,0.9271993637084961,type 2 diabetes mellitus,2.0570112764835358,3,shared_3,shared_2plus
14:74932641,280394,2,0.17798273,0.68897516,-0.24065599,0.7249551,0.5651298,,0.9336649775505066,type 2 diabetes mellitus,1.9701882749795914,3,shared_3,shared_2plus
6:19751516,1066388,2,0.1775445,0.6644087,-0.25236297,0.78193736,0.432854,Hispanic/Latino,0.9478800892829895,type 2 diabetes mellitus,2.2231123447418213,3,shared_3,shared_2plus
11:9856015,135970,2,0.17717628,0.42950574,-0.54240334,0.119895265,-0.3179283,African,0.9980607628822327,type 2 diabetes mellitus,2.0456282794475555,3,shared_3,shared_2plus
13:80707429,242287,2,0.17714004,0.35167167,0.6188087,0.056463,-0.06861998,East Asian,0.9068930745124817,type 2 diabetes mellitus,1.7714003920555115,2,shared_2,shared_2plus
12:108629780,142413,3,0.17704782,-0.12945133,-0.23399723,-0.21850844,-0.6269361,African,0.884736180305481,type 2 diabetes mellitus,2.0795289278030396,4,shared_4,shared_2plus
1:177889025,504129,3,0.17674237,0.071325056,-0.028003909,1.2283622,0.062424034,Hispanic/Latino,0.8559464812278748,type 2 diabetes mellitus,2.317355364561081,4,shared_4,shared_2plus
12:81309262,193260,2,0.17614909,-0.63725466,0.6222674,0.3579281,0.5977964,Hispanic/Latino,0.9264844655990601,type 2 diabetes mellitus,2.08650666475296,3,shared_3,shared_2plus
17:9787845,411452,2,0.17590566,-0.1549843,0.03401155,0.7126904,-0.8566963,,0.9999996423721313,type 2 diabetes mellitus,2.167383134365082,3,shared_3,shared_2plus
11:17408630,94250,2,0.17564213,0.6163291,0.66465044,-0.16141225,0.099249884,European,1.0,type 2 diabetes mellitus,3.7421926856040955,4,shared_4,shared_2plus
20:43042364,602227,2,0.17564213,0.6163291,0.66465044,-0.16141225,0.099249884,East Asian,1.0,type 2 diabetes mellitus,4.687658429145813,5,shared_5plus,shared_2plus
12:71520761,188642,2,0.17458102,0.4243434,-0.5370713,0.116325825,-0.31440765,,1.0379791557788849,type 2 diabetes mellitus,2.7837893664836884,3,shared_3,shared_2plus
9:81344701,1305730,2,0.17432857,0.26522237,0.36318365,0.83118415,1.1403775,,0.908279299736023,type 2 diabetes mellitus,1.9189422875642776,3,shared_3,shared_2plus
6:39046644,1082229,2,0.17411749,-0.35019773,-0.24285164,0.5461992,0.2640711,South Asian,0.9682862162590027,type 2 diabetes mellitus,1.7411748766899109,2,shared_2,shared_2plus
3:121961461,776976,2,0.17349724,0.0072660027,-0.035479464,0.83207756,-0.7307137,Hispanic/Latino,0.9926967620849609,type 2 diabetes mellitus,1.7349724769592285,2,shared_2,shared_2plus
2:227105921,717910,2,0.17247486,-0.7889745,0.33384433,-0.15666854,-0.2477849,Hispanic/Latino,0.915740430355072,type 2 diabetes mellitus,2.246057152748108,3,shared_3,shared_2plus
2:179650954,694726,2,0.17222406,0.66423064,-0.23653618,0.7204905,0.5259231,Hispanic/Latino,1.5559279918670654,type 2 diabetes mellitus,3.641396090388298,4,shared_4,shared_2plus
10:124193181,14251,2,0.17209174,-0.07531991,-0.3024795,-0.27098674,-0.59078866,Hispanic/Latino,1.303000032901764,type 2 diabetes mellitus,4.005983769893646,4,shared_4,shared_2plus
20:48830772,605926,3,0.17207387,0.18157133,0.27836475,1.1501071,0.075549856,Hispanic/Latino,0.773702085018158,type 2 diabetes mellitus,2.230254426598549,4,shared_4,shared_2plus
7:55802063,1167356,2,0.17134546,-0.5785438,0.66415447,0.5344298,0.6145168,African,0.9543976187705994,type 2 diabetes mellitus,2.038470506668091,3,shared_3,shared_2plus
1:20707153,519601,2,0.17130776,-0.5904108,0.64689463,0.48201603,0.60623145,East Asian,0.9999999403953552,type 2 diabetes mellitus,2.8492083214223385,4,shared_4,shared_2plus
1:92048779,580061,2,0.17101507,0.68469167,-0.21516657,0.6510221,0.681167,,1.0,type 2 diabetes mellitus,2.3089283853769302,3,shared_3,shared_2plus
11:30620262,102169,2,0.17079249,0.4942263,-0.5344127,-0.269874,0.4361903,African,0.9656489491462708,type 2 diabetes mellitus,2.109892964363098,3,shared_3,shared_2plus
12:48712932,176175,2,0.17011216,0.22904855,-0.014237665,-0.0519378,1.1325847,,0.9909709095954895,type 2 diabetes mellitus,2.222430169582367,3,shared_3,shared_2plus
4:95114572,938456,2,0.16994943,0.4287288,-0.4653498,0.40843025,-0.32817298,Hispanic/Latino,0.9757895469665527,type 2 diabetes mellitus,2.1211142539978027,3,shared_3,shared_2plus
1:206621028,519298,2,0.16937444,0.5054583,-0.51530963,-0.22790353,0.5032211,African,0.884736180305481,type 2 diabetes mellitus,1.8347956240177155,3,shared_3,shared_2plus
4:45186139,915930,2,0.16898552,-0.630067,0.6115917,0.7965185,-0.38500875,,1.2906652092933655,type 2 diabetes mellitus,2.303885594010353,3,shared_3,shared_2plus
4:96114385,938957,2,0.16776717,0.41649392,-0.50829726,0.17644982,-0.3133902,African,0.9039695858955383,type 2 diabetes mellitus,2.052004963159561,3,shared_3,shared_2plus
6:43813711,1085290,2,0.1675767,-0.59917194,0.6016304,0.38372335,0.5793351,Hispanic/Latino,0.8559464812278748,type 2 diabetes mellitus,1.8428094983100891,3,shared_3,shared_2plus
18:36746623,424023,2,0.16732058,-0.6393652,0.5413987,0.19791746,0.54611063,Hispanic/Latino,1.3799581825733185,type 2 diabetes mellitus,3.1652181893587112,4,shared_4,shared_2plus
17:65825248,401227,2,0.16723904,0.10180187,0.4029715,1.3140024,0.21522982,African,0.9622398614883423,type 2 diabetes mellitus,1.9974066019058228,3,shared_3,shared_2plus
2:212274937,709830,2,0.16632505,0.62406147,-0.2418899,0.7560022,0.39499676,Hispanic/Latino,1.837133765220642,type 2 diabetes mellitus,3.751632511615753,4,shared_4,shared_2plus
22:19969696,638143,2,0.16630265,-0.5678484,0.63535446,0.4981764,0.5961668,Hispanic/Latino,1.7295082807540894,type 2 diabetes mellitus,3.60781991481781,3,shared_3,shared_2plus
12:33410855,169857,2,0.16541392,0.28959668,0.31155095,0.7606839,1.1149033,,0.908279299736023,type 2 diabetes mellitus,1.9307387471199036,3,shared_3,shared_2plus
12:6691452,185679,2,0.164843,-0.75950015,0.32112586,-0.1503531,-0.23290457,Hispanic/Latino,1.0691189467906952,type 2 diabetes mellitus,3.273689955472946,4,shared_4,shared_2plus
10:122930568,13271,2,0.16474159,-0.7733193,0.32048833,-0.084634185,-0.33240944,,0.8598513603210449,type 2 diabetes mellitus,1.928692251443863,3,shared_3,shared_2plus
16:15153717,337369,2,0.16442998,0.42193258,-0.44139957,0.46108222,-0.31827766,Hispanic/Latino,1.8380004167556763,type 2 diabetes mellitus,3.4854219555854797,3,shared_3,shared_2plus
14:25947436,257261,2,0.16335246,0.19799136,0.21779326,1.2611123,0.048286825,Hispanic/Latino,1.5087471008300781,type 2 diabetes mellitus,3.2323206663131714,3,shared_3,shared_2plus
5:53271420,1001157,3,0.16333269,-0.35575023,-0.36232206,0.4596612,0.27992386,East Asian,1.0454007796943188,type 2 diabetes mellitus,3.7639229111373425,5,shared_5plus,shared_2plus
3:183738460,808440,2,0.16313109,0.28395006,-0.19552678,0.28636175,0.85102814,,1.0188129842281342,type 2 diabetes mellitus,2.1530840322375298,4,shared_4,shared_2plus
4:121765788,868771,2,0.16281343,-0.58039266,0.58674777,0.387802,0.5672448,Hispanic/Latino,0.8247473239898682,type 2 diabetes mellitus,2.1376501321792603,3,shared_3,shared_2plus
12:61250814,182793,2,0.16263306,0.25748715,0.33174968,0.7829621,1.078277,,0.8598514199256897,type 2 diabetes mellitus,1.767381876707077,3,shared_3,shared_2plus
17:29628549,383178,2,0.16242264,-0.748701,0.3173048,-0.15536925,-0.2171207,Hispanic/Latino,1.731602132320404,type 2 diabetes mellitus,3.8812205493450165,4,shared_4,shared_2plus
8:145525277,1211404,2,0.16151294,0.11479557,0.012760475,-0.105269596,1.0166706,,0.8275648355484009,type 2 diabetes mellitus,1.805490329861641,3,shared_3,shared_2plus
8:34502571,1225581,2,0.16086939,0.57833415,-0.24656028,0.81522864,0.24240689,Hispanic/Latino,0.9852012395858765,type 2 diabetes mellitus,1.7990547567605972,3,shared_3,shared_2plus
19:46158417,466045,2,0.16025978,-0.76833004,0.30377343,-0.006157782,-0.4646483,,0.9919270873069763,type 2 diabetes mellitus,1.7929588109254837,3,shared_3,shared_2plus
11:95710493,134379,2,0.15966189,0.17560187,-0.0024130195,-0.064214446,1.0506691,,0.886468231678009,type 2 diabetes mellitus,1.8778952658176422,3,shared_3,shared_2plus
11:47857253,111498,2,0.15879261,0.6564083,-0.19166869,0.58105576,0.7322008,,0.9999999403953552,type 2 diabetes mellitus,2.070053532719612,3,shared_3,shared_2plus
16:88554480,373498,2,0.15879259,0.009896775,-0.6076239,-0.17404392,0.060847923,African,0.9999997615814209,type 2 diabetes mellitus,1.989894151687622,3,shared_3,shared_2plus
13:46514492,226814,2,0.15879206,-0.009500547,-0.32545802,-0.29413605,-0.51141655,African,0.9999945759773254,type 2 diabetes mellitus,1.694018468260765,3,shared_3,shared_2plus
4:1784403,895271,2,0.15860322,-0.7619066,0.30142692,-0.007958319,-0.4550922,,0.9753613471984863,type 2 diabetes mellitus,2.0713804364204407,3,shared_3,shared_2plus
13:80705315,242285,2,0.15849833,-0.6413923,0.4956246,0.65271294,-0.5437971,,0.9970572590827942,type 2 diabetes mellitus,1.760640099644661,3,shared_3,shared_2plus
11:17418477,94263,2,0.1583852,-0.058737867,-0.29060867,-0.2551655,-0.5425425,Hispanic/Latino,1.1756556183099747,type 2 diabetes mellitus,2.7595076709985733,3,shared_3,shared_2plus
1:214159256,523939,2,0.15816322,0.40176684,-0.45467806,0.3147197,-0.30890843,Hispanic/Latino,1.8357723355293274,type 2 diabetes mellitus,3.8554976284503937,4,shared_4,shared_2plus
8:30852826,1223614,2,0.1574858,0.57098174,-0.24042585,0.7958311,0.25241905,Hispanic/Latino,0.9513654112815857,type 2 diabetes mellitus,1.622998632490635,3,shared_3,shared_2plus
4:77533939,929960,2,0.15707603,0.34532475,0.2321958,0.6573808,1.1177417,,0.9522005915641785,type 2 diabetes mellitus,1.9425468742847443,3,shared_3,shared_2plus
12:50263148,176903,2,0.15690413,-0.1235981,-0.45741773,0.93732524,0.059678152,Hispanic/Latino,1.5277730822563171,type 2 diabetes mellitus,3.625824585556984,4,shared_4,shared_2plus
3:88130136,854376,2,0.15535752,0.06623372,0.4823724,0.94494843,0.9128161,African,0.9656489491462708,type 2 diabetes mellitus,1.8626260161399841,3,shared_3,shared_2plus
1:65989878,566466,2,0.15456626,-0.13655752,-0.23046124,-0.18086441,-0.5837438,African,0.8033869862556458,type 2 diabetes mellitus,1.854713499546051,3,shared_3,shared_2plus
6:39282371,1082453,2,0.15397425,-0.742145,0.29722825,-0.03008397,-0.39400023,,0.886468231678009,type 2 diabetes mellitus,2.0952506065368652,3,shared_3,shared_2plus
10:72648336,54256,2,0.15345915,0.51732403,-0.41734412,-0.069731876,0.6765004,,0.9466652274131775,type 2 diabetes mellitus,1.9365596175193787,3,shared_3,shared_2plus
8:8721473,1250235,2,0.15343902,0.49615923,-0.4479899,-0.123744905,0.5825794,Hispanic/Latino,1.0523238107562065,type 2 diabetes mellitus,2.718166671693325,4,shared_4,shared_2plus
1:205044339,518585,2,0.15343001,0.39936247,-0.42019102,0.43141678,-0.30021322,Hispanic/Latino,1.1692846417427063,type 2 diabetes mellitus,3.0969150364398956,4,shared_4,shared_2plus
4:71835822,927089,2,0.15316561,-0.24274588,0.43216085,0.099023655,-0.72180015,Hispanic/Latino,1.1780464798212051,type 2 diabetes mellitus,4.077110573649406,5,shared_5plus,shared_2plus
4:106048291,861163,2,0.15302086,-0.668917,-0.2906307,0.2087566,0.48942703,Hispanic/Latino,1.6532742381095886,type 2 diabetes mellitus,5.513086050748825,6,shared_5plus,shared_2plus
2:175197545,692397,2,0.15299712,0.39054298,-0.46984488,0.18283895,-0.29346693,African,0.8198205828666687,type 2 diabetes mellitus,1.9043045341968536,3,shared_3,shared_2plus
10:118558736,10503,2,0.1527087,0.3858251,-0.48492295,0.11020213,-0.2847426,African,0.873812735080719,type 2 diabetes mellitus,2.0366029739379883,3,shared_3,shared_2plus
19:18834514,454768,2,0.15212342,0.49738893,-0.4385578,-0.10858412,0.5996353,,0.873812735080719,type 2 diabetes mellitus,2.035117506980896,3,shared_3,shared_2plus
2:60586707,749586,3,0.15211438,-0.21105282,0.370164,0.120771006,-0.5866483,,0.7664791941642761,type 2 diabetes mellitus,2.029603064060211,5,shared_5plus,shared_2plus
13:109946882,208657,2,0.152006,0.5449502,-0.24129352,0.80898637,0.19236778,Hispanic/Latino,0.9701282978057861,type 2 diabetes mellitus,1.8874679505825043,3,shared_3,shared_2plus
5:44644006,998475,2,0.15159929,0.59034944,-0.21225917,0.66463315,0.47577488,Hispanic/Latino,1.2908864617347717,type 2 diabetes mellitus,3.3206118047237396,4,shared_4,shared_2plus
3:89986280,855104,2,0.15087548,-0.5501531,0.5665874,0.76965487,-0.27847776,,1.5168833136558533,type 2 diabetes mellitus,2.797245681285858,3,shared_3,shared_2plus
1:155269776,491263,2,0.1503368,0.38991505,-0.42134747,0.38198566,-0.29578036,Hispanic/Latino,0.8559464812278748,type 2 diabetes mellitus,1.7772334516048431,3,shared_3,shared_2plus
11:8677063,129779,2,0.1502815,-0.007365999,-0.030431576,0.744168,-0.6472542,Hispanic/Latino,0.8461623191833496,type 2 diabetes mellitus,1.5509556010365486,3,shared_3,shared_2plus
1:179248952,504816,2,0.14957817,0.38336697,-0.4552343,0.20496538,-0.29040962,Hispanic/Latino,1.108055204153061,type 2 diabetes mellitus,3.359142929315567,4,shared_4,shared_2plus
12:54429385,179488,2,0.14937869,0.5799789,-0.21120596,0.6651532,0.4555804,Hispanic/Latino,1.298795461654663,type 2 diabetes mellitus,3.0311475545167923,4,shared_4,shared_2plus
19:33896432,460341,2,0.14854224,-0.50446403,0.5957036,0.850778,-0.13458125,African,0.8619299530982971,type 2 diabetes mellitus,1.5915201753377914,3,shared_3,shared_2plus
17:47060322,391872,3,0.14784607,-0.0504768,-0.5295616,-0.07097258,0.06915124,African,0.8033869862556458,type 2 diabetes mellitus,1.9221029952168465,5,shared_5plus,shared_2plus
7:36742886,1156357,2,0.1477521,0.21005008,0.15049174,1.1600419,0.009140357,Hispanic/Latino,0.8895949125289917,type 2 diabetes mellitus,1.7513863742351532,3,shared_3,shared_2plus
10:100421841,340,2,0.14764734,-0.5144704,0.57916206,0.8155266,-0.18076836,African,0.8198205828666687,type 2 diabetes mellitus,1.81727135181427,3,shared_3,shared_2plus
12:118406696,147915,2,0.14743945,-0.26847088,-0.11386397,-0.03845967,-0.65503925,,0.886468231678009,type 2 diabetes mellitus,1.5098791234195232,3,shared_3,shared_2plus
2:37204168,734897,2,0.14712486,0.3903435,-0.3961056,0.4664058,-0.287912,Hispanic/Latino,0.915740430355072,type 2 diabetes mellitus,1.8455819189548492,3,shared_3,shared_2plus
7:130457914,1126993,2,0.1453309,-0.49092242,-0.51710355,0.6073575,0.34438378,South Asian,0.8769344091415405,type 2 diabetes mellitus,2.22848379611969,3,shared_3,shared_2plus
1:205789455,519071,2,0.14361069,0.4657551,-0.42923552,-0.11708039,0.5376883,,0.7886853218078613,type 2 diabetes mellitus,1.7769048810005188,3,shared_3,shared_2plus
19:7968168,474827,2,0.14340885,0.06265906,-0.3526938,0.9256682,-0.08136777,Hispanic/Latino,1.8461177945137024,type 2 diabetes mellitus,4.265252023935318,5,shared_5plus,shared_2plus
3:86756871,853735,2,0.14229326,0.091510355,0.4122245,0.85189474,0.86176926,African,0.8350062966346741,type 2 diabetes mellitus,1.4584171138703823,3,shared_3,shared_2plus
10:71466578,53244,2,0.14167032,0.2677906,0.32220772,0.09983075,0.042162724,East Asian,1.6520529389381409,type 2 diabetes mellitus,2.688713639974594,3,shared_3,shared_2plus
5:67714246,1009372,2,0.1411057,0.53218114,-0.20812806,0.7010501,0.31008613,Hispanic/Latino,1.6942259073257446,type 2 diabetes mellitus,3.3381773456931114,4,shared_4,shared_2plus
12:41863393,172503,2,0.13905057,0.20421886,0.3010836,0.72458416,0.9250631,,0.7159671783447266,type 2 diabetes mellitus,1.6003392487764359,3,shared_3,shared_2plus
13:112187882,210271,2,0.13783105,0.10655771,0.29113317,1.115858,0.14510377,African,0.7458598613739014,type 2 diabetes mellitus,1.7033264636993408,3,shared_3,shared_2plus
1:11317932,482656,2,0.13771498,0.096277274,0.30732477,1.118076,0.16087075,African,0.7664791345596313,type 2 diabetes mellitus,1.651015192270279,3,shared_3,shared_2plus
11:117693255,80299,2,0.13754907,0.51536083,-0.2056759,0.7039108,0.2791192,Hispanic/Latino,0.7875644564628601,type 2 diabetes mellitus,1.5700648943893611,3,shared_3,shared_2plus
10:70382179,52444,2,0.13735572,0.08510388,0.32379574,1.1193258,0.17615767,African,0.7856310606002808,type 2 diabetes mellitus,1.373557209968567,2,shared_2,shared_2plus
5:176679407,982553,2,0.13633886,-0.17653707,-0.16786632,-0.10034162,-0.5605922,,0.7159671187400818,type 2 diabetes mellitus,1.5044399797916412,3,shared_3,shared_2plus
5:133861663,958181,2,0.13621607,0.35802665,-0.39258036,0.33310753,-0.2727524,Hispanic/Latino,0.7436011433601379,type 2 diabetes mellitus,1.7837806344032288,3,shared_3,shared_2plus
19:13010643,451756,2,0.13532242,-0.10036409,-0.23725706,-0.5147775,0.09881249,Hispanic/Latino,1.1269267201423645,type 2 diabetes mellitus,2.821683257818222,4,shared_4,shared_2plus
5:44682589,998484,2,0.13463588,-0.36905244,-0.42244896,0.5064724,0.3073023,East Asian,0.7584326267242432,type 2 diabetes mellitus,2.075082540512085,3,shared_3,shared_2plus
10:103065789,1771,2,0.13355628,0.40011817,-0.44467735,-0.20182659,0.3330394,African,0.7856310606002808,type 2 diabetes mellitus,1.8287613987922668,3,shared_3,shared_2plus
16:73098091,360049,2,0.13343754,0.34726065,-0.4175799,0.17452225,-0.26323712,African,0.7237046957015991,type 2 diabetes mellitus,1.6593913435935974,3,shared_3,shared_2plus
6:26211146,1070973,2,0.13336432,0.027024534,0.022643358,-0.097038664,0.8263394,Hispanic/Latino,0.7101506590843201,type 2 diabetes mellitus,1.5699790567159653,3,shared_3,shared_2plus
20:2100095,592101,2,0.13306916,0.5376311,-0.1790095,0.5780749,0.5185999,,0.7664792537689209,type 2 diabetes mellitus,1.6557076275348663,3,shared_3,shared_2plus
3:138055136,785869,2,0.1330202,0.43982428,-0.40010467,-0.091506615,0.5190468,,0.7422758340835571,type 2 diabetes mellitus,1.3656867258250713,3,shared_3,shared_2plus
4:89713121,936317,2,0.13302019,0.24134102,0.2456657,0.65683055,0.92196554,East Asian,0.8937375545501709,type 2 diabetes mellitus,2.8715547621250153,4,shared_4,shared_2plus
9:98278413,1316142,2,0.13291743,0.3347331,0.580694,0.028346356,-0.06307806,South Asian,0.8645073175430298,type 2 diabetes mellitus,1.3291743397712708,2,shared_2,shared_2plus
12:27964996,166274,2,0.13206726,0.09513468,0.30882207,0.21114948,0.11642118,East Asian,1.0,type 2 diabetes mellitus,1.7570485174655914,3,shared_3,shared_2plus
17:37746307,387571,2,0.13069892,-0.099230565,-0.23053294,-0.49364278,0.09685977,African,0.6745386719703674,type 2 diabetes mellitus,1.4740318953990936,3,shared_3,shared_2plus
8:37397803,1226951,2,0.1304633,0.2944858,-0.3150707,-0.38023603,-0.1716333,African,0.9839603900909424,type 2 diabetes mellitus,1.769254818558693,4,shared_4,shared_2plus
3:35670150,826210,2,0.13038933,0.43004784,-0.39722365,-0.09413239,0.49990207,,0.7159671783447266,type 2 diabetes mellitus,1.8434229493141174,3,shared_3,shared_2plus
5:58132702,1004226,2,0.12957916,-0.07012866,-0.23345184,-0.17208321,-0.46925277,African,0.7458598613739014,type 2 diabetes mellitus,1.8353211879730225,3,shared_3,shared_2plus
15:77776562,322016,2,0.12948544,0.2549379,0.42679557,0.08586082,-0.0638581,East Asian,0.715398907661438,type 2 diabetes mellitus,1.294854462146759,2,shared_2,shared_2plus
3:187741842,810978,2,0.1287876,-0.44203183,0.48462576,0.43451488,0.48131657,African,0.6999500393867493,type 2 diabetes mellitus,1.7545959055423737,3,shared_3,shared_2plus
11:50110597,112200,2,0.12852094,-0.4482731,0.4735611,0.403359,0.47541827,African,0.6745386719703674,type 2 diabetes mellitus,1.6595427095890045,3,shared_3,shared_2plus
3:72803590,847642,2,0.12753808,0.2121296,0.25314415,0.66141117,0.87160116,,0.6874547600746155,type 2 diabetes mellitus,1.2753809094429016,2,shared_2,shared_2plus
22:44324730,650638,2,0.12712112,-0.3617702,-0.40976292,0.49726176,0.29291028,East Asian,1.6832850575447083,type 2 diabetes mellitus,3.7618024349212646,4,shared_4,shared_2plus
14:47304091,266598,2,0.12610807,0.48646733,-0.18452841,0.6402005,0.31951195,Hispanic/Latino,0.673154354095459,type 2 diabetes mellitus,1.4514416009187698,3,shared_3,shared_2plus
18:4845027,430852,2,0.12610805,0.3353225,-0.37014773,0.30578488,-0.2561044,Hispanic/Latino,0.673154354095459,type 2 diabetes mellitus,1.6827005743980408,3,shared_3,shared_2plus
21:47767295,636379,2,0.12353476,-0.44916418,0.46389458,0.68999505,-0.1861811,African,0.6474214792251587,type 2 diabetes mellitus,1.6071342527866364,3,shared_3,shared_2plus
19:45411941,465696,2,0.123291194,0.19153057,-0.18470767,0.7268177,-0.10351015,,1.1692180931568146,type 2 diabetes mellitus,2.683406412601471,4,shared_4,shared_2plus
6:43814190,1085291,2,0.12286399,-0.48556292,-0.47741067,0.60976017,0.32802194,South Asian,0.936823844909668,type 2 diabetes mellitus,1.2286399900913239,2,shared_2,shared_2plus
16:69651866,358394,2,0.11853429,-0.4236639,-0.441319,0.5413201,0.29264438,South Asian,0.7685239911079407,type 2 diabetes mellitus,1.185342937707901,2,shared_2,shared_2plus
6:50788778,1089015,2,0.118260264,-0.003769408,0.72190565,0.76515555,0.34494442,African,0.8619299530982971,type 2 diabetes mellitus,1.4205250069499016,4,shared_4,shared_2plus
14:77300863,281593,2,0.11823823,0.015928734,0.01614061,-0.068708465,0.7467742,Hispanic/Latino,0.6324505805969238,type 2 diabetes mellitus,1.6300495564937592,3,shared_3,shared_2plus
2:18707873,698371,2,0.11758526,0.3816864,-0.38082224,-0.106660485,0.40738255,,0.5879262685775757,type 2 diabetes mellitus,1.635601669549942,3,shared_3,shared_2plus
17:74418176,406364,2,0.11758524,0.4637873,-0.16982216,0.59446603,0.34928,,0.5879262685775757,type 2 diabetes mellitus,1.5008684694766998,3,shared_3,shared_2plus
17:3988451,388662,2,0.11758523,-0.13493063,-0.47944546,0.05695204,0.09716202,,1.0128413438796997,type 2 diabetes mellitus,2.465293288230896,4,shared_4,shared_2plus
2:45192080,739844,2,0.11719445,-0.375454,-0.3154264,0.5345911,0.26186615,South Asian,0.8769344091415405,type 2 diabetes mellitus,1.171944499015808,2,shared_2,shared_2plus
14:33303540,260293,2,0.11091821,0.04174665,-0.45109704,-0.15916947,-0.010747924,African,0.7856310606002808,type 2 diabetes mellitus,2.0703315436840057,4,shared_4,shared_2plus
5:55810305,1002736,2,0.107761696,0.17447509,0.28904796,0.14241989,-0.040429346,East Asian,0.7569442391395569,type 2 diabetes mellitus,1.0776168704032898,2,shared_2,shared_2plus
15:68080886,317958,3,0.10153693,-0.023077812,-0.40845305,-0.05817276,0.013442725,African,0.6185596585273743,type 2 diabetes mellitus,1.4814365655183792,5,shared_5plus,shared_2plus
14:101255172,251734,2,0.101050355,-0.24095632,-0.17041141,0.41498184,0.149448,South Asian,0.5879261493682861,type 2 diabetes mellitus,1.010503500699997,2,shared_2,shared_2plus
16:73100308,360052,2,0.099185586,-0.3411534,-0.29351678,0.4968474,0.22321202,South Asian,0.7685239911079407,type 2 diabetes mellitus,1.6168042570352554,3,shared_3,shared_2plus
12:133069698,157283,2,0.093131684,-0.35036036,-0.30983713,0.5026891,0.22583203,South Asian,0.7685239911079407,type 2 diabetes mellitus,1.3474124670028687,3,shared_3,shared_2plus
22:50356302,655013,2,0.09227936,-0.11818668,-0.030999236,0.31998825,0.07698816,East Asian,0.599242627620697,type 2 diabetes mellitus,0.9227936565876007,2,shared_2,shared_2plus
3:64703394,842763,2,0.09114772,-0.023349863,-0.37996513,-0.04311633,0.011906013,African,0.5879262089729309,type 2 diabetes mellitus,1.5098206996917725,4,shared_4,shared_2plus
7:14898282,1136924,2,0.08923611,0.14725943,0.25653306,0.1460548,-0.03898885,East Asian,1.57168847322464,type 2 diabetes mellitus,3.479313373565674,4,shared_4,shared_2plus
1:184014593,507670,2,0.088984564,0.20070988,-0.14738,0.6587779,-0.10343911,Hispanic/Latino,0.6532742381095886,type 2 diabetes mellitus,1.207021288573742,4,shared_4,shared_2plus
1:219748818,527435,2,0.08881394,-0.22848293,-0.24583954,0.39391997,0.21416192,East Asian,0.5645883679389954,type 2 diabetes mellitus,1.8842403292655945,5,shared_5plus,shared_2plus
10:112678657,6906,2,0.08387254,0.27880254,-0.15565324,0.7334808,-0.15155222,Hispanic/Latino,1.5516193509101868,type 2 diabetes mellitus,3.287785079330206,4,shared_4,shared_2plus
6:143056556,1046755,2,0.080311485,-0.3362902,0.13634142,0.25512066,-0.49260157,Hispanic/Latino,1.1062687784433365,type 2 diabetes mellitus,2.9572490453720093,4,shared_4,shared_2plus
12:71449521,188609,2,0.06228596,-0.29432482,-0.2782291,0.43458056,0.18147342,South Asian,0.5879261493682861,type 2 diabetes mellitus,0.6228595785796642,2,shared_2,shared_2plus
19:12509536,451565,2,0.047612034,-0.19380789,-0.16870981,0.35018831,0.12897098,South Asian,0.3235510289669037,type 2 diabetes mellitus,0.47612033784389496,2,shared_2,shared_2plus
18:7076836,443860,2,0.035211522,0.119452156,0.17272499,0.13894522,0.0052544177,East Asian,1.0314425826072693,type 2 diabetes mellitus,2.2949576377868652,3,shared_3,shared_2plus
